{
    "train": {
        "train_runtime": 4606.636,
        "train_samples_per_second": 64.759,
        "train_steps_per_second": 8.095,
        "total_flos": 8902787825187648.0,
        "train_loss": 0.6724208034884677,
        "epoch": 30.0
    },
    "validation": {
        "eval_loss": 1.037746548652649,
        "eval_accuracy": 0.5790322580645161,
        "eval_f1": 0.5777526677571858,
        "eval_precision": 0.5798667523543454,
        "eval_recall": 0.5790322580645161,
        "eval_runtime": 3.5499,
        "eval_samples_per_second": 349.31,
        "eval_steps_per_second": 43.664,
        "epoch": 30.0
    }
}