{
    "train": {
        "train_runtime": 1885.7465,
        "train_samples_per_second": 66.531,
        "train_steps_per_second": 4.168,
        "total_flos": 3759355262416572.0,
        "train_loss": 0.5367253342354267,
        "epoch": 50
    },
    "validation": {
        "eval_loss": 0.642489,
        "eval_accuracy": 0.793499,
        "eval_f1": 0.793700,
        "eval_precision": 0.794378,
        "eval_recall": 0.793499	
        "eval_cf": [
            [
                55,
                20,
                2
            ]
            [
                13,
                178,
                32
            ],
            [
                7,
                34,
                182
            ]
        ],
        "eval_runtime": 1.2392,
        "eval_samples_per_second": 422.037,
        "eval_steps_per_second": 26.629,
        "epoch": 50.0
    }
}