{
    "train": {
        "train_runtime": 898.3918,
        "train_samples_per_second": 139.65,
        "train_steps_per_second": 8.749,
        "total_flos": 356335193964744.0,
        "train_loss": 0.7161709632582337,
        "epoch": 30.0
    },
    "validation": {
        "eval_loss": 1.0009632110595703,
        "eval_accuracy": 0.6022944550669216,
        "eval_f1": 0.5601850255059972,
        "eval_precision": 0.6613506189499179,
        "eval_recall": 0.6022944550669216,
        "eval_cf": [
            [
                2,
                56,
                19
            ],
            [
                0,
                154,
                69
            ],
            [
                0,
                64,
                159
            ]
        ],
        "eval_runtime": 1.2251,
        "eval_samples_per_second": 426.912,
        "eval_steps_per_second": 26.937,
        "epoch": 30.0
    }
}