{
    "train": {
        "train_runtime": 902.7649,
        "train_samples_per_second": 138.973,
        "train_steps_per_second": 8.707,
        "total_flos": 356335193964744.0,
        "train_loss": 0.3049382314427208,
        "epoch": 30.0
    },
    "validation": {
        "eval_loss": 1.0972580909729004,
        "eval_accuracy": 0.6462715105162524,
        "eval_f1": 0.6299412735248042,
        "eval_precision": 0.6414427059672594,
        "eval_recall": 0.6462715105162524,
        "eval_cf": [
            [
                16,
                47,
                14
            ],
            [
                8,
                173,
                42
            ],
            [
                8,
                66,
                149
            ]
        ],
        "eval_runtime": 1.2362,
        "eval_samples_per_second": 423.07,
        "eval_steps_per_second": 26.695,
        "epoch": 30.0
    }
}