{
    "train": {
        "train_runtime": 871.6141,
        "train_samples_per_second": 143.94,
        "train_steps_per_second": 9.018,
        "total_flos": 3057450725674296.0,
        "train_loss": 0.4855103156645486,
        "epoch": 30.0
    },
    "validation": {
        "eval_loss": 0.9535048604011536,
        "eval_accuracy": 0.627151051625239,
        "eval_f1": 0.6249023667886867,
        "eval_precision": 0.6237655172767659,
        "eval_recall": 0.627151051625239,
        "eval_cf": [
            [
                30,
                33,
                14
            ],
            [
                21,
                146,
                56
            ],
            [
                15,
                56,
                152
            ]
        ],
        "eval_runtime": 1.0139,
        "eval_samples_per_second": 515.853,
        "eval_steps_per_second": 32.549,
        "epoch": 30.0
    }
}