{
    "train": {
        "train_runtime": 1995.5447,
        "train_samples_per_second": 149.493,
        "train_steps_per_second": 18.687,
        "total_flos": 4627257755689008.0,
        "train_loss": 0.8763049063525272,
        "epoch": 30.0
    },
    "validation": {
        "eval_loss": 1.033966302871704,
        "eval_accuracy": 0.5451612903225806,
        "eval_f1": 0.5455777384764076,
        "eval_precision": 0.5479648580665498,
        "eval_recall": 0.5451612903225806,
        "eval_runtime": 1.808,
        "eval_samples_per_second": 685.839,
        "eval_steps_per_second": 85.73,
        "epoch": 30.0
    }
}