{
    "train": {
        "train_runtime": 2117.6308,
        "train_samples_per_second": 140.874,
        "train_steps_per_second": 17.609,
        "total_flos": 4628031875854992.0,
        "train_loss": 0.8665499195396564,
        "epoch": 30.0
    },
    "validation": {
        "eval_loss": 1.0892095565795898,
        "eval_accuracy": 0.5516129032258065,
        "eval_f1": 0.5448824712927021,
        "eval_precision": 0.5458631924363762,
        "eval_recall": 0.5516129032258065,
        "eval_runtime": 1.877,
        "eval_samples_per_second": 660.628,
        "eval_steps_per_second": 82.579,
        "epoch": 30.0
    }
}