{
    "train": {
        "train_runtime": 4823.3916,
        "train_samples_per_second": 61.849,
        "train_steps_per_second": 7.731,
        "total_flos": 7670508466700016.0,
        "train_loss": 0.7359085279420222,
        "epoch": 30.0
    },
    "validation": {
        "eval_loss": 1.1385836601257324,
        "eval_accuracy": 0.5838709677419355,
        "eval_f1": 0.5840599323452872,
        "eval_precision": 0.5854372333843075,
        "eval_recall": 0.5838709677419355,
        "eval_runtime": 2.747,
        "eval_samples_per_second": 451.395,
        "eval_steps_per_second": 56.424,
        "epoch": 30.0
    }
}