{
    "train": {
        "train_runtime": 3069.2581,
        "train_samples_per_second": 97.196,
        "train_steps_per_second": 12.15,
        "total_flos": 4628031875854992.0,
        "train_loss": 0.6819125694383338,
        "epoch": 30.0
    },
    "validation": {
        "eval_loss": 1.0976985692977905,
        "eval_accuracy": 0.5564516129032258,
        "eval_f1": 0.5514802437696195,
        "eval_precision": 0.5519469016001506,
        "eval_recall": 0.5564516129032258,
        "eval_runtime": 2.9624,
        "eval_samples_per_second": 418.58,
        "eval_steps_per_second": 52.323,
        "epoch": 30.0
    }
}