{
    "train": {
        "train_runtime": 2309.2222,
        "train_samples_per_second": 129.186,
        "train_steps_per_second": 16.148,
        "total_flos": 4482288230808384.0,
        "train_loss": 0.5381656408373873,
        "epoch": 30.0
    },
    "validation": {
        "eval_loss": 1.0623408555984497,
        "eval_accuracy": 0.582258064516129,
        "eval_f1": 0.5798426949425585,
        "eval_precision": 0.5812557550816077,
        "eval_recall": 0.582258064516129,
        "eval_runtime": 1.755,
        "eval_samples_per_second": 706.553,
        "eval_steps_per_second": 88.319,
        "epoch": 30.0
    }
}