{
    "train": {
        "train_runtime": 5087.5047,
        "train_samples_per_second": 58.638,
        "train_steps_per_second": 7.33,
        "total_flos": 7928162281010160.0,
        "train_loss": 0.5622717511848906,
        "epoch": 30.0
    },
    "validation": {
        "eval_loss": 0.9483784437179565,
        "eval_accuracy": 0.6072580645161291,
        "eval_f1": 0.6080719144662834,
        "eval_precision": 0.609165655192567,
        "eval_recall": 0.6072580645161291,
        "eval_runtime": 3.3651,
        "eval_samples_per_second": 368.492,
        "eval_steps_per_second": 46.062,
        "epoch": 30.0
    }
}