{
    "train": {
        "train_runtime": 3135.9338,
        "train_samples_per_second": 95.13,
        "train_steps_per_second": 11.891,
        "total_flos": 4960168754022432.0,
        "train_loss": 0.7325281889453334,
        "epoch": 30.0
    },
    "validation": {
        "eval_loss": 1.2100735902786255,
        "eval_accuracy": 0.5370967741935484,
        "eval_f1": 0.5329994913044253,
        "eval_precision": 0.531326216681724,
        "eval_recall": 0.5370967741935484,
        "eval_runtime": 3.009,
        "eval_samples_per_second": 412.098,
        "eval_steps_per_second": 51.512,
        "epoch": 30.0
    }
}